id,collection_id,display_number,order_in_collection,title,intro,hadith_start,hadith_end,hadith_count,title_ar,intro_en
1,1,1,1,Revelation,"",1,7,7,"كتاب بدء الوحى ",""
2,1,2,2,Belief,"",8,58,51,"كتاب الإيمان ",""
3,1,3,3,Knowledge,"",59,134,76,"كتاب العلم ",""
4,1,4,4,"Ablutions (Wudu')","",135,247,113,"كتاب الوضوء",""
5,1,5,5,"Bathing (Ghusl)","وَقَوْلِ اللَّهِ تَعَالَى ‏{‏وَإِنْ كُنْتُمْ جُنُبًا فَاطَّهَّرُوا وَإِنْ كُنْتُمْ مَرْضَى أَوْ عَلَى سَفَرٍ أَوْ جَاءَ أَحَدٌ مِنْكُمْ مِنَ الْغَائِطِ أَوْ لاَمَسْتُمُ النِّسَاءَ فَلَمْ تَجِدُوا مَاءً فَتَيَمَّمُوا صَعِيدًا طَيِّبًا فَامْسَحُوا بِوُجُوهِكُمْ وَأَيْدِيكُمْ مِنْهُ مَا يُرِيدُ اللَّهُ لِيَجْعَلَ عَلَيْكُمْ مِنْ حَرَجٍ وَلَكِنْ يُرِيدُ لِيُطَهِّرَكُمْ وَلِيُتِمَّ نِعْمَتَهُ عَلَيْكُمْ لَعَلَّكُمْ تَشْكُرُونَ‏}‏ وَقَوْلِهِ جَلَّ ذِكْرُهُ ‏{‏يَا أَيُّهَا الَّذِينَ آمَنُوا لاَ تَقْرَبُوا الصَّلاَةَ وَأَنْتُمْ سُكَارَى حَتَّى تَعْلَمُوا مَا تَقُولُونَ وَلاَ جُنُبًا إِلاَّ عَابِرِي سَبِيلٍ حَتَّى تَغْتَسِلُوا وَإِنْ كُنْتُمْ مَرْضَى أَوْ عَلَى سَفَرٍ أَوْ جَاءَ أَحَدٌ مِنْكُمْ مِنَ الْغَائِطِ أَوْ لاَمَسْتُمُ النِّسَاءَ فَلَمْ تَجِدُوا مَاءً فَتَيَمَّمُوا صَعِيدًا طَيِّبًا فَامْسَحُوا بِوُجُوهِكُمْ وَأَيْدِيكُمْ إِنَّ اللَّهَ كَانَ عَفُوًّا غَفُورًا‏}‏‏.‏",248,293,45,"كتاب الغسل ","The statement of Allah Most High ""O you who have believed, when you rise to [perform] prayer, wash your faces and your forearms to the elbows and wipe over your heads and wash your feet to the ankles. And if you are in a state of janabah, then purify yourselves. But if you are ill or on a journey or one of you comes from the place of relieving himself or you have contacted women and do not find water, then seek clean earth and wipe over your faces and hands with it. Allah does not intend to make difficulty for you, but He intends to purify you and complete His favor upon you that you may be grateful.""

And His statement: ""O you who have believed, do not approach prayer while you are intoxicated until you know what you are saying or in a state of janabah, except those passing through [a place of prayer], until you have washed [your whole body]. And if you are ill or on a journey or one of you comes from the place of relieving himself or you have contacted women and find no water, then seek clean earth and wipe over your faces and your hands [with it]. Indeed, Allah is ever Pardoning and Forgiving."""
6,1,6,6,"Menstrual Periods","وَقَوْلِ اللَّهِ تَعَالَى ‏{‏وَيَسْأَلُونَكَ عَنِ الْمَحِيضِ قُلْ هُوَ أَذًى‏}‏ إِلَى قَوْلِهِ ‏{‏وَيُحِبُّ الْمُتَطَهِّرِينَ‏}‏",294,333,37,"كتاب الحيض ","The statement of Allah Most High ""And they ask you about menstruation. Say, 'It is harm, so keep away from wives during menstruation. And do not approach them until they are pure. And when they have purified themselves, then come to them from where Allah has ordained for you. Indeed, Allah loves those who are constantly repentant and loves those who purify themselves.'"""
7,1,7,7,"Rubbing hands and feet with dust (Tayammum)","قَوْلِ اللَّهِ تَعَالَ: فَلَمْ تَجِدُوا مَاءً فَتَيَمَّمُوا صَعِيدًا طَيِّبًا فَامْسَحُوا بِوُجُوهِكُمْ وَأَيْدِيكُم مِّنْهُ",334,348,15,"كتاب التيمم ","The saying of Allah: ""But if you ... cannot find water, then purify yourselves with clean earth by wiping your faces and hands."""
8,1,8,8,"Prayers (Salat)","",349,520,167,"كتاب الصلاة ",""
9,1,9,9,"Times of the Prayers","",521,602,77,"كتاب مواقيت الصلاة ",""
10,1,10,10,"Call to Prayers (Adhaan)","",603,875,266,"كتاب الأذان ",""
11,1,11,11,"Friday Prayer","",876,941,65,"كتاب الجمعة ",""
12,1,12,12,"Fear Prayer","",942,947,6,"كتاب صلاة الخوف ",""
13,1,13,13,"The Two Festivals (Eids)","",948,989,37,"كتاب العيدين ",""
14,1,14,14,"Witr Prayer","",990,1004,15,"كتاب الوتر ",""
15,1,15,15,"Invoking Allah for Rain (Istisqaa)","",1005,1039,34,"كتاب الاستسقاء ",""
16,1,16,16,Eclipses,"",1040,1065,24,"كتاب الكسوف ",""
17,1,17,17,"Prostration During Recital of Qur'an","",1067,1079,13,"كتاب سجود القرآن ",""
18,1,18,18,"Shortening the Prayers (At-Taqseer)","",1080,1119,39,"كتاب التقصير ",""
19,1,19,19,"Prayer at Night (Tahajjud)","",1120,1187,63,"كتاب التهجد ",""
20,1,20,20,"Virtues of Prayer at Masjid Makkah and Madinah","",1188,1197,9,"كتاب فضل الصلاة فى مسجد مكة والمدينة ",""
21,1,21,21,"Actions while Praying","",1198,1223,27,"كتاب العمل فى الصلاة ",""
22,1,22,22,"Forgetfulness in Prayer","",1224,1236,14,"كتاب السهو ",""
23,1,23,23,"Funerals (Al-Janaa'iz)","",1237,1394,148,"كتاب الجنائز",""
24,1,24,24,"Obligatory Charity Tax (Zakat)","",1395,1512,112,"كتاب الزكاة ",""
25,1,25,25,"Hajj (Pilgrimage)","",1513,1771,247,"كتاب الحج ",""
26,1,26,26,"`Umrah (Minor pilgrimage)","",1773,1805,30,"كتاب العمرة ",""
27,1,27,27,"Pilgrims Prevented from Completing the Pilgrimage","وَقَوْلِهِ تَعَالَى: {فَإِنْ أُحْصِرْتُمْ فَمَا اسْتَيْسَرَ مِنَ الْهَدْيِ وَلاَ تَحْلِقُوا رُءُوسَكُمْ حَتَّى يَبْلُغَ الْهَدْيُ مَحِلَّهُ} وَقَالَ عَطَاءٌ الإِحْصَارُ مِنْ كُلِّ شَيْءٍ يَحْبِسُهُ.",1806,1820,15,"كتاب المحصر ","The statement of Allah Most High ""But if you are prevented, then [offer] what can be obtained with ease of sacrificial animals. And do not shave your heads until the sacrificial animal has reached its place of slaughter.""

"
28,1,28,28,"Penalty of Hunting while on Pilgrimage","",1821,1866,46,"كتاب جزاء الصيد ",""
29,1,29,29,"Virtues of Madinah","",1867,1890,24,"كتاب فضائل المدينة ",""
30,1,30,30,Fasting,"",1891,2007,112,"كتاب الصوم ",""
31,1,31,31,"Praying at Night in Ramadaan (Taraweeh)","",2008,2013,6,"كتاب صلاة التراويح ",""
32,1,32,32,"Virtues of the Night of Qadr","",2014,2024,11,"كتاب فضل ليلة القدر ",""
33,1,33,33,"Retiring to a Mosque for Remembrance of Allah (I'tikaf)","",2025,2046,21,"كتاب الاعتكاف ",""
34,1,34,34,"Sales and Trade","",2047,2238,184,"كتاب البيوع",""
35,1,35,35,"Sales in which a Price is paid for Goods to be Delivered Later (As-Salam)","",2239,2256,16,"كتاب السلم ",""
36,1,36,36,"Shuf'a","",2257,2259,3,"كتاب الشفعة ",""
37,1,37,37,Hiring,"",2260,2285,25,"كتاب الإجارة ",""
38,1,38,38,"Transferance of a Debt from One Person to Another (Al-Hawaala)","",2287,2289,3,"كتاب الحوالات ",""
39,1,39,39,Kafalah,"",2290,2298,9,"كتاب الكفالة ",""
40,1,40,40,"Representation, Authorization, Business by Proxy","",2299,2319,18,"كتاب الوكالة ",""
41,1,41,41,Agriculture,"",2320,2350,28,"كتاب المزارعة ",""
42,1,42,42,"Distribution of Water","",2351,2383,31,"كتاب المساقاة ",""
43,1,43,43,"Loans, Payment of Loans, Freezing of Property, Bankruptcy","",2385,2409,24,"كتاب فى الاستقراض ",""
44,1,44,44,Khusoomaat,"",2410,2425,15,"كتاب الخصومات ",""
45,1,45,45,"Lost Things Picked up by Someone (Luqatah)","",2426,2439,15,"كتاب فى اللقطة ",""
46,1,46,46,Oppressions,"",2440,2482,43,"كتاب المظالم",""
47,1,47,47,Partnership,"",2483,2507,22,"كتاب الشركة ",""
48,1,48,48,Mortgaging,"",2508,2515,8,"كتاب الرهن ",""
49,1,49,49,"Manumission of Slaves","",2517,2559,41,"كتاب العتق ",""
50,1,50,50,Makaatib,"",2560,2565,6,"كتاب المكاتب ",""
51,1,51,51,Gifts,"",2566,2636,68,"كتاب الهبة وفضلها والتحريض عليها ",""
52,1,52,52,Witnesses,"",2637,2689,50,"كتاب الشهادات ",""
53,1,53,53,Peacemaking,"",2690,2710,20,"كتاب الصلح",""
54,1,54,54,Conditions,"",2711,2737,24,"كتاب الشروط ",""
55,1,55,55,"Wills and Testaments (Wasaayaa)","",2738,2781,44,"كتاب الوصايا ",""
56,1,56,56,"Fighting for the Cause of Allah (Jihaad)","",2782,3090,294,"كتاب الجهاد والسير ",""
57,1,57,57,"One-fifth of Booty to the Cause of Allah (Khumus)","",3091,3155,63,"كتاب فرض الخمس ",""
58,1,58,58,"Jizyah and Mawaada'ah","",3156,3189,30,"كتاب الجزية والموادعة ",""
59,1,59,59,"Beginning of Creation","",3190,3325,131,"كتاب بدء الخلق ",""
60,1,60,60,Prophets,"",3326,3488,154,"كتاب أحاديث الأنبياء ",""
61,1,61,61,"Virtues and Merits of the Prophet (pbuh) and his Companions","",3489,3648,151,"كتاب المناقب ",""
62,1,62,62,"Companions of the Prophet","",3649,3775,120,"كتاب فضائل أصحاب النبى صلى الله عليه وسلم ",""
63,1,63,63,"Merits of the Helpers in Madinah (Ansaar)","",3776,3948,172,"كتاب مناقب الأنصار ",""
64,1,64,64,"Military Expeditions led by the Prophet (pbuh) (Al-Maghaazi)","",3949,4473,488,"كتاب المغازى ",""
65,1,65,65,"Prophetic Commentary on the Qur'an (Tafseer of the Prophet (pbuh))","الرَّحْمَنُ الرَّحِيمُ اسْمَانِ مِنَ الرَّحْمَةِ‏.‏ الرَّحِيمُ وَالرَّاحِمُ بِمَعْنًى وَاحِدٍ كَالْعَلِيمِ وَالْعَالِمِ‏.‏",4474,4977,499,"كتاب التفسير ","The words 'Ar-Rahman', 'Ar-Rahim' (i.e., the Most Gracious, the Most Merciful) are two words derived from 'Ar-Rahma' (i.e., the mercy). And the words 'Ar-Rahim' and 'Ar-Raahim' have one meaning as the words 'Al-Alim' and 'Al- 'Aleem' have one and the same
meaning (i.e., the Cognizant One)."
66,1,66,66,"Virtues of the Qur'an","",4978,5062,87,"كتاب فضائل القرآن ",""
67,1,67,67,"Wedlock, Marriage (Nikaah)","",5063,5250,183,"كتاب النكاح ",""
68,1,68,68,Divorce,"",5251,5350,95,"كتاب الطلاق ",""
69,1,69,69,"Supporting the Family","",5351,5372,22,"كتاب النفقات ",""
70,1,70,70,"Food, Meals","",5373,5466,95,"كتاب الأطعمة ",""
71,1,71,71,"Sacrifice on Occasion of Birth (`Aqiqa)","",5467,5474,9,"كتاب العقيقة ",""
72,1,72,72,"Hunting, Slaughtering","",5475,5544,69,"كتاب الذبائح والصيد ",""
73,1,73,73,"Al-Adha Festival Sacrifice (Adaahi)","",5545,5574,30,"كتاب الأضاحي ",""
74,1,74,74,Drinks,"",5575,5639,65,"كتاب الأشربة ",""
75,1,75,75,Patients,"",5640,5677,37,"كتاب المرضى ",""
76,1,76,76,Medicine,"",5678,5782,93,"كتاب الطب ",""
77,1,77,77,Dress,"",5783,5969,185,"كتاب اللباس ",""
78,1,78,78,"Good Manners and Form (Al-Adab)","",5970,6226,250,"كتاب الأدب ",""
79,1,79,79,"Asking Permission","",6227,6303,75,"كتاب الاستئذان ",""
80,1,80,80,Invocations,"وَقَوْلِ اللَّهِ تَعَالَى ادْعُونِي أَسْتَجِبْ لَكُمْ إِنَّ الَّذِينَ يَسْتَكْبِرُونَ عَنْ عِبَادَتِي سَيَدْخُلُونَ جَهَنَّمَ دَاخِرِينَ",6304,6411,106,"كتاب الدعوات","The statement of Allah ""And your Lord says, ""Call upon Me; I will respond to you."" Indeed, those who disdain My worship will enter Hell [rendered] contemptible."""
81,1,81,81,"To make the Heart Tender (Ar-Riqaq)","",6412,6593,181,"كتاب الرقاق",""
82,1,82,82,"Divine Will (Al-Qadar)","",6594,6620,26,"كتاب القدر ",""
83,1,83,83,"Oaths and Vows","",6621,6707,84,"كتاب الأيمان والنذور ",""
84,1,84,84,"Expiation for Unfulfilled Oaths","",6708,6722,15,"كتاب كفارات الأيمان ",""
85,1,85,85,"Laws of Inheritance (Al-Faraa'id)","",6723,6771,47,"كتاب الفرائض ",""
86,1,86,86,"Limits and Punishments set by Allah (Hudood)","",6772,6859,81,"كتاب الحدود ",""
87,1,87,87,"Blood Money (Ad-Diyat)","",6861,6917,55,"كتاب الديات ",""
88,1,88,88,Apostates,"",6918,6939,21,"كتاب استتابة المرتدين والمعاندين وقتالهم ",""
89,1,89,89,"(Statements made under) Coercion","",6940,6952,13,"كتاب الإكراه",""
90,1,90,90,Tricks,"",6953,6981,28,"كتاب الحيل ",""
91,1,91,91,"Interpretation of Dreams","",6982,7047,61,"كتاب التعبير ",""
92,1,92,92,"Afflictions and the End of the World","",7048,7136,83,"كتاب الفتن ",""
93,1,93,93,"Judgments (Ahkaam)","",7137,7225,84,"كتاب الأحكام ",""
94,1,94,94,Wishes,"",7226,7245,20,"كتاب التمنى ",""
95,1,95,95,"Accepting Information Given by a Truthful Person","",7246,7267,21,"كتاب أخبار الآحاد ",""
96,1,96,96,"Holding Fast to the Qur'an and Sunnah","",7268,7370,97,"كتاب الاعتصام بالكتاب والسنة ",""
97,1,97,97,"Oneness, Uniqueness of Allah (Tawheed)","",7371,7563,188,"كتاب التوحيد ",""
1,2,1,2,"The Book of Faith","",8,222,439,"كتاب الإيمان",""
2,2,2,3,"The Book of Purification","",223,292,144," كتاب الطهارة",""
3,2,3,4,"The Book of Menstruation","",293,376,157," كتاب الحيض",""
4,2,4,5,"The Book of Prayers ","",377,519,322," كتاب الصلاة",""
5,2,5,6,"The Book of Mosques and Places of Prayer","",520,684,402," كتاب الْمَسَاجِدِ وَمَوَاضِعِ الصَّلاَةِ",""
6,2,6,7,"The Book of Prayer - Travellers","",685,843,378," كتاب صلاة المسافرين وقصرها",""
7,2,7,8,"The Book of Prayer - Friday","",844,883,93," كتاب الجمعة",""
8,2,8,9,"The Book of Prayer - Two Eids","",884,893,24," كتاب صلاة العيدين",""
9,2,9,10,"The Book of Prayer - Rain","",894,900,19," كتاب صلاة الاستسقاء‏",""
10,2,10,11,"The Book of Prayer - Eclipses","",901,915,31," كتاب الكسوف",""
11,2,11,12,"The Book of Prayer - Funerals","",916,978,138," كتاب الجنائز",""
12,2,12,13,"The Book of Zakat","",979,1078,231," كتاب الزكاة",""
13,2,13,14,"The Book of Fasting ","",1079,1170,285," كتاب الصيام",""
14,2,14,15,"The Book of I'tikaf","",1171,1176,11," كتاب الاعتكاف",""
15,2,15,16,"The Book of Pilgrimage","",1177,1399,601," كتاب الحج",""
16,2,16,17,"The Book of Marriage","",1400,1443,169,"كتاب النكاح",""
17,2,17,18,"The Book of Suckling","",1444,1470,84," كتاب الرضاع",""
18,2,18,19,"The Book of Divorce ","",1471,1491,87," كتاب الطلاق",""
19,2,19,20,"The Book of Invoking Curses","",1492,1500,27," كتاب اللعان",""
20,2,20,21,"The Book of Emancipating Slaves","",1501,1510,30,"كتاب العتق",""
21,2,21,22,"The Book of Transactions","",1511,1550,160," كتاب البيوع",""
22,2,22,23,"The Book of Musaqah","",1551,1613,178," كتاب المساقاة",""
23,2,23,24,"The Book of the Rules of Inheritance","",1614,1619,23," كتاب الفرائض",""
24,2,24,25,"The Book of Gifts","",1620,1626,41," كتاب الهبات",""
25,2,25,26,"The Book of Wills","",1627,1637,31," كتاب الوصية",""
26,2,26,27,"The Book of Vows","",1638,1645,18," كتاب النذر",""
27,2,27,28,"The Book of Oaths","",1646,1668,88," كتاب الأيمان",""
28,2,28,29,"The Book of Oaths, Muharibin, Qasas (Retaliation), and Diyat (Blood Money)","",1669,1683,56," كتاب القسامة والمحاربين والقصاص والديات",""
29,2,29,30,"The Book of Legal Punishments","",1684,1710,72," كتاب الحدود",""
30,2,30,31,"The Book of Judicial Decisions","",1711,1721,28," كتاب الأقضية",""
31,2,31,32,"The Book of Lost Property","",1722,1729,20," كتاب اللقطة",""
32,2,32,33,"The Book of Jihad and Expeditions","",1730,1817,182," كتاب الجهاد والسير",""
33,2,33,34,"The Book on Government","",1818,1928,266," كتاب الإمارة",""
34,2,34,35,"The Book of Hunting, Slaughter, and what may be Eaten","",1929,1959,92," كتاب الصيد والذبائح وما يؤكل من الحيوان",""
35,2,35,36,"The Book of Sacrifices","",1960,1978,62," كتاب الأضاحى",""
36,2,36,37,"The Book of Drinks","",1979,2064,257," كتاب الأشربة",""
37,2,37,38,"The Book of Clothes and Adornment","",2065,2130,193," كتاب اللباس والزينة",""
38,2,38,39,"The Book of Manners and Etiquette","",2131,2159,60," كتاب الآداب",""
39,2,39,40,"The Book of Greetings","",2160,2245,212," كتاب السلام",""
40,2,40,41,"The Book Concerning the Use of Correct Words","",2246,2254,23," كتاب الألفاظ من الأدب وغيرها",""
41,2,41,42,"The Book of Poetry","",2255,2260,11," كتاب الشعر",""
42,2,42,43,"The Book of Dreams","",2261,2275,41," كتاب الرؤيا",""
43,2,43,44,"The Book of Virtues","",2276,2380,226," كتاب الفضائل",""
44,2,44,45,"The Book of the Merits of the Companions","",2381,2547,328," كتاب فضائل الصحابة رضى الله تعالى عنهم",""
45,2,45,46,"The Book of Virtue, Enjoining Good Manners, and Joining of the Ties of Kinship","",2548,2642,217," كتاب البر والصلة والآداب",""
46,2,46,47,"The Book of Destiny","",2643,2664,52," كتاب القدر",""
47,2,47,48,"The Book of Knowledge","",2665,2674,30," كتاب العلم",""
48,2,48,49,"The Book Pertaining to the Remembrance of Allah, Supplication, Repentance and Seeking Forgiveness ","",2675,2735,127," كتاب الذكر والدعاء والتوبة والاستغفار",""
49,2,49,50,"The Book of Heart-Melting Traditions","",2736,2743,15," كتاب الرقاق",""
50,2,50,51,"The Book of Repentance","",2744,2771,68," كتاب التوبة",""
51,2,51,52,"Characteristics of The Hypocrites And Rulings Concerning Them","",2772,2784,21," كتاب صفات المنافقين وأحكامهم",""
52,2,52,53,"Characteristics of the Day of Judgment, Paradise, and Hell","",2785,2821,82," كتاب صفة القيامة والجنة والنار",""
53,2,53,54,"The Book of Paradise, its Description, its Bounties and its Inhabitants","",2822,2879,103," كتاب الجنة وصفة نعيمها وأهلها",""
54,2,54,55,"The Book of Tribulations and Portents of the Last Hour","",2880,2955,177," كتاب الفتن وأشراط الساعة",""
55,2,55,56,"The Book of Zuhd and Softening of Hearts ","",2956,3014,96," كتاب الزهد والرقائق",""
56,2,56,57,"The Book of Commentary on the Qur'an","",3015,3033,40," كتاب التفسير",""
-35,3,35b,36,"The Book of Agriculture","",3857,3938,83," كتاب المزارعة",""
1,3,1,1,"The Book of Purification","",1,324,325," كتاب الطهارة",""
2,3,2,2,"The Book of Water","",325,347,23," كتاب المياه",""
3,3,3,3,"The Book of Menstruation and Istihadah","",348,395,48," كتاب الحيض والاستحاضة",""
4,3,4,4,"The Book of Ghusl and Tayammum","",396,447,53," كتاب الغسل والتيمم",""
5,3,5,5,"The Book of Salah","",448,493,46," كتاب الصلاة",""
6,3,6,6,"The Book of the Times (of Prayer)","",0,625,132," كتاب المواقيت",""
7,3,7,7,"The Book of the Adhan (The Call to Prayer)","",626,687,62," كتاب الأذان",""
8,3,8,8,"The Book of the Masjids","",688,741,54," كتاب المساجد",""
9,3,9,9,"The Book of the Qiblah","",742,776,35," كتاب القبلة",""
10,3,10,10,"The Book of Leading the Prayer (Al-Imamah)","",777,875,99," كتاب الإمامة",""
11,3,11,11,"The Book of the Commencement of the Prayer","",876,1028,153," كتاب الافتتاح",""
12,3,12,12,"The Book of The At-Tatbiq (Clasping One's Hands Together)","",1029,1178,150," كتاب التطبيق",""
13,3,13,13,"The Book of Forgetfulness (In Prayer)","",1179,1366,188," كتاب السهو",""
14,3,14,14,"The Book of Jumu'ah (Friday Prayer)","",1367,1432,69," كتاب الجمعة",""
15,3,15,15,"The Book of Shortening the Prayer When Traveling","",1433,1458,26," كتاب تقصير الصلاة فى السفر",""
16,3,16,16,"The Book of Eclipses","",1459,1503,45," كتاب الكسوف ",""
17,3,17,17,"The Book of Praying for Rain (Al-Istisqa')","",1504,1528,25," كتاب الاستسقاء",""
18,3,18,18,"The Book of the Fear Prayer","",1529,1555,27," كتاب صلاة الخوف",""
19,3,19,19,"The Book of the Prayer for the Two 'Eids","",1556,1597,42," كتاب صلاة العيدين",""
20,3,20,20,"The Book of Qiyam Al-Lail (The Night Prayer) and Voluntary Prayers During the Day","",1598,1817,220," كتاب قيام الليل وتطوع النهار",""
21,3,21,21,"The Book of Funerals","",1818,2089,272," كتاب الجنائز",""
22,3,22,22,"The Book of Fasting","",2090,2434,345," كتاب الصيام",""
23,3,23,23,"The Book of Zakah","",2435,2618,184," كتاب الزكاة",""
24,3,24,24,"The Book of Hajj","",2619,3084,467," كتاب مناسك الحج",""
25,3,25,25,"The Book of Jihad","",3085,3195,111," كتاب الجهاد",""
26,3,26,26,"The Book of Marriage","",3196,3388,193," كتاب النكاح",""
27,3,27,27,"The Book of Divorce","",3389,3560,174," كتاب الطلاق",""
28,3,28,28,"The Book of Horses, Races and Shooting","",3561,3593,33," كتاب الخيل",""
29,3,29,29,"The Book of Endowments","",3594,3610,17," كتاب الإحباس",""
30,3,30,30,"The Book of Wills","",3611,3671,61," كتاب الوصايا",""
31,3,31,31,"The Book of Presents","",3672,3687,16," كتاب النحل",""
32,3,32,32,"The Book of Gifts","",3688,3705,18," كتاب الهبة",""
33,3,33,33,"The Book of ar-Ruqba","",3706,3719,14," كتاب الرقبى",""
34,3,34,34,"The Book of 'Umra","",3720,3760,42," كتاب العمرى",""
35,3,35,35,"The Book of Oaths and Vows","",3761,3856,96," كتاب الأيمان والنذور",""
36,3,36,37,"The Book of the Kind Treatment of Women","",3939,3965,27," كتاب عشرة النساء",""
37,3,37,38,"The Book of Fighting [The Prohibition of Bloodshed]","",3966,4132,167," كتاب تحريم الدم",""
38,3,38,39,"The Book of Distribution of Al-Fay'","",4133,4148,16," كتاب قسم الفىء",""
39,3,39,40,"The Book of al-Bay'ah","",4149,4211,63," كتاب البيعة",""
40,3,40,41,"The Book of al-'Aqiqah","",4212,4221,10," كتاب العقيقة",""
41,3,41,42,"The Book of al-Fara' and al-'Atirah","",4222,4262,41," كتاب الفرع والعتيرة",""
42,3,42,43,"The Book of Hunting and Slaughtering","",4263,4360,98," كتاب الصيد والذبائح",""
43,3,43,44,"The Book of ad-Dahaya (Sacrifices)","",4361,4448,88," كتاب الضحايا",""
44,3,44,45,"The Book of Financial Transactions","",4449,4705,257," كتاب البيوع",""
45,3,45,46,"The Book of Oaths (qasamah), Retaliation and Blood Money","",4706,4869,164," كتاب القسامة",""
46,3,46,47,"The Book of Cutting off the Hand of the Thief","",4870,4984,114," كتاب قطع السارق",""
47,3,47,48,"The Book Of Faith and its Signs","",4985,5039,55," كتاب الإيمان وشرائعه",""
48,3,48,49,"The Book of Adornment","",5040,5378,339," كتاب الزينة من السنن",""
49,3,49,50,"The Book of the Etiquette of Judges","",5379,5427,49," كتاب آداب القضاة",""
50,3,50,51,"The Book of Seeking Refuge with Allah","",5428,5539,112," كتاب الاستعاذة",""
51,3,51,52,"The Book of Drinks","",5540,5758,220," كتاب الأشربة ",""
1,10,1,1,"Purification (Kitab Al-Taharah)","",1,390,390," كتاب الطهارة ",""
2,10,2,2,"Prayer (Kitab Al-Salat)","",391,1160,771," كتاب الصلاة",""
3,10,3,3,"The Book Of The Prayer For Rain (Kitab al-Istisqa')","",1161,1197,37," كتاب الاستسقاء ",""
4,10,4,4,"Prayer (Kitab Al-Salat): Detailed Rules of Law about the Prayer during Journey","",1198,1249,52," كتاب صلاة السفر ",""
5,10,5,5,"Prayer (Kitab Al-Salat): Voluntary Prayers","",1250,1370,121," كتاب التطوع ",""
6,10,6,6,"Prayer (Kitab Al-Salat): Detailed Injunctions about Ramadan","",1371,1400,30," كتاب شهر رمضان ",""
7,10,7,7,"Prayer (Kitab Al-Salat): Prostration while reciting the Qur'an","",1401,1415,15," كتاب سجود القرآن ",""
8,10,8,8,"Prayer (Kitab Al-Salat): Detailed Injunctions about Witr","",1416,1555,140," كتاب الوتر ",""
9,10,9,9,"Zakat (Kitab Al-Zakat)","",1556,1700,145," كتاب الزكاة ",""
10,10,10,10,"The Book of Lost and Found Items","",1701,1720,20," كتاب اللقطة ",""
11,10,11,11,"The Rites of Hajj (Kitab Al-Manasik Wa'l-Hajj)","",1721,2045,325," كتاب المناسك ",""
12,10,12,12,"Marriage (Kitab Al-Nikah)","",2046,2174,129," كتاب النكاح ",""
13,10,13,13,"Divorce (Kitab Al-Talaq)","",2175,2312,138," كتاب الطلاق ",""
14,10,14,14,"Fasting (Kitab Al-Siyam)","",2313,2476,164," كتاب الصوم ",""
15,10,15,15,"Jihad (Kitab Al-Jihad)","",2477,2787,311," كتاب الجهاد ",""
16,10,16,16,"Sacrifice (Kitab Al-Dahaya)","",2788,2843,56," كتاب الضحايا ",""
17,10,17,17,"Game (Kitab Al-Said)","",2844,2861,18," كتاب الصيد ",""
18,10,18,18,"Wills (Kitab Al-Wasaya)","",2862,2884,23," كتاب الوصايا ",""
19,10,19,19,"Shares of Inheritance (Kitab Al-Fara'id)","",2885,2927,43," كتاب الفرائض ",""
20,10,20,20,"Tribute, Spoils, and Rulership (Kitab Al-Kharaj, Wal-Fai' Wal-Imarah)","",2928,3088,161," كتاب الخراج والإمارة والفىء ",""
21,10,21,21,"Funerals (Kitab Al-Jana'iz)","",3089,3241,153," كتاب الجنائز ",""
22,10,22,22,"Oaths and Vows (Kitab Al-Aiman Wa Al-Nudhur)","",3242,3325,84," كتاب الأيمان والنذور ",""
23,10,23,23,"Commercial Transactions (Kitab Al-Buyu)","",3326,3415,90," كتاب البيوع ",""
24,10,24,24,"Wages (Kitab Al-Ijarah)","",3416,3570,155," كتاب الإجارة ",""
25,10,25,25,"The Office of the Judge (Kitab Al-Aqdiyah)","",3571,3640,70," كتاب الأقضية ",""
26,10,26,26,"Knowledge (Kitab Al-Ilm)","",3641,3668,28," كتاب العلم ",""
27,10,27,27,"Drinks (Kitab Al-Ashribah)","",3669,3735,67," كتاب الأشربة ",""
28,10,28,28,"Foods (Kitab Al-At'imah)","",3736,3854,119," كتاب الأطعمة ",""
29,10,29,29,"Medicine (Kitab Al-Tibb)","",3855,3903,49," كتاب الطب ",""
30,10,30,30,"Divination and Omens (Kitab Al-Kahanah Wa Al-Tatayyur)","",3904,3925,22,"كتاب الكهانة و التطير",""
31,10,31,31,"The Book of Manumission of Slaves","",3926,3968,43," كتاب العتق ",""
32,10,32,32,"Dialects and Readings of the Qur'an (Kitab Al-Huruf Wa Al-Qira'at)","",3969,4008,40," كتاب الحروف والقراءات ",""
33,10,33,33,"Hot Baths (Kitab Al-Hammam)","",4009,4019,11," كتاب الحمَّام",""
34,10,34,34,"Clothing (Kitab Al-Libas)","",4020,4158,139," كتاب اللباس ",""
35,10,35,35,"Combing the Hair (Kitab Al-Tarajjul)","",4159,4213,55," كتاب الترجل ",""
36,10,36,36,"Signet-Rings (Kitab Al-Khatam)","",4214,4239,26," كتاب الخاتم ",""
37,10,37,37,"Trials and Fierce Battles (Kitab Al-Fitan Wa Al-Malahim)","",4240,4278,39," كتاب الفتن والملاحم ",""
38,10,38,38,"The Promised Deliverer (Kitab Al-Mahdi)","",4279,4290,13," كتاب المهدى ",""
39,10,39,39,"Battles (Kitab Al-Malahim)","",4291,4350,60," كتاب الملاحم ",""
40,10,40,40,"Prescribed Punishments (Kitab Al-Hudud)","",4351,4493,143," كتاب الحدود ",""
41,10,41,41,"Types of Blood-Wit (Kitab Al-Diyat)","",4494,4595,102," كتاب الديات ",""
42,10,42,42,"Model Behavior of the Prophet (Kitab Al-Sunnah)","",4596,4772,177," كتاب السنة ",""
43,10,43,43,"General Behavior (Kitab Al-Adab)","",4773,5274,502," كتاب الأدب ",""
1,30,1,1,"The Book on Purification","",1,148,148," كتاب الطهارة عن رسول الله صلى الله عليه وسلم",""
2,30,2,2,"The Book on Salat (Prayer)","",149,451,304," كتاب الصلاة",""
3,30,3,3,"The Book on Al-Witr","",452,487,35,"أَبْوَابُ الْوِتْرِ",""
4,30,4,4,"The Book on the Day of Friday","",488,529,42,"كِتَاب الْجُمُعَةِ عَنْ رَسُولِ اللَّهِ صَلَّى اللَّهُ عَلَيْهِ وَسَلَّمَ",""
5,30,5,5,"The Book on the Two Eids","",530,543,14,"أَبْوَابُ الْعِيدَيْنِ عَنْ رَسُولِ اللَّهِ صَلَّى اللَّهُ عَلَيْهِ وَسَلَّمَ",""
6,30,6,6,"The Book on Traveling","",544,616,73,"أَبْوَابُ السَّفَرِ",""
7,30,7,7,"The Book on Zakat","",617,681,65," كتاب الزكاة عن رسول الله صلى الله عليه وسلم",""
8,30,8,8,"The Book on Fasting","",682,808,127," كتاب الصوم عن رسول الله صلى الله عليه وسلم",""
9,30,9,9,"The Book on Hajj","",809,964,158," كتاب الحج عن رسول الله صلى الله عليه وسلم",""
10,30,10,10,"The Book on Jana''iz (Funerals)","",965,1079,115," كتاب الجنائز عن رسول الله صلى الله عليه وسلم",""
11,30,11,11,"The Book on Marriage","",1080,1145,67," كتاب النكاح عن رسول الله صلى الله عليه وسلم",""
12,30,12,12,"The Book on Suckling","",1146,1174,29," كتاب الرضاع",""
13,30,13,13,"The Book on Divorce and Li'an","",1175,1204,31," كتاب الطلاق واللعان عن رسول الله صلى الله عليه وسلم",""
14,30,14,14,"The Book on Business","",1205,1321,125," كتاب البيوع عن رسول الله صلى الله عليه وسلم",""
15,30,15,15,"The Chapters On Judgements From The Messenger of Allah","",1322,1385,66," كتاب الأحكام عن رسول الله صلى الله عليه وسلم",""
16,30,16,16,"The Book on Blood Money","",1386,1422,39," كتاب الديات عن رسول الله صلى الله عليه وسلم",""
17,30,17,17,"The Book on Legal Punishments (Al-Hudud)","",1423,1463,47," كتاب الحدود عن رسول الله صلى الله عليه وسلم",""
18,30,18,18,"The Book on Hunting","",1464,1492,36,"كتاب الصيد والذبائح عن رسول الله صلى الله عليه وسلم",""
19,30,19,19,"The Book on Sacrifices","",1493,1523,36," كتاب الأضاحى عن رسول الله صلى الله عليه وسلم",""
20,30,20,20,"The Book on Vows and Oaths","",1524,1547,26," كتاب النذور والأيمان عن رسول الله صلى الله عليه وسلم",""
21,30,21,21,"The Book on Military Expeditions","",1548,1618,83," كتاب السير عن رسول الله صلى الله عليه وسلم",""
22,30,22,22,"The Book on Virtues of Jihad","",1619,1669,52," كتاب فضائل الجهاد عن رسول الله صلى الله عليه وسلم",""
23,30,23,23,"The Book on Jihad","",1670,1719,53," كتاب الجهاد عن رسول الله صلى الله عليه وسلم",""
24,30,24,24,"The Book on Clothing","",1720,1787,76," كتاب اللباس",""
25,30,25,25,"The Book on Food","",1788,1860,78," كتاب الأطعمة عن رسول الله صلى الله عليه وسلم",""
26,30,26,26,"The Book on Drinks","",1861,1896,37," كتاب الأشربة عن رسول الله صلى الله عليه وسلم",""
27,30,27,27,"Chapters on Righteousness And Maintaining Good Relations With Relatives","",1897,2035,141," كتاب البر والصلة عن رسول الله صلى الله عليه وسلم",""
28,30,28,28,"Chapters on Medicine","",2036,2088,53," كتاب الطب عن رسول اللَّهِ صلى الله عليه وسلم",""
29,30,29,29,"Chapters On Inheritance","",2090,2115,26," كتاب الفرائض عن رسول الله صلى الله عليه وسلم",""
30,30,30,30,"Chapters On Wasaya (Wills and Testament)","",2116,2124,9," كتاب الوصايا عن رسول الله صلى الله عليه وسلم",""
31,30,31,31,"Chapters On Wala' And Gifts","",2125,2132,9," كتاب الولاء والهبة عن رسول الله صلى الله عليه وسلم",""
32,30,32,32,"Chapters On Al-Qadar","",2133,2157,25," كتاب القدر عن رسول الله صلى الله عليه وسلم",""
33,30,33,33,"Chapters On Al-Fitan","",2158,2269,112," كتاب الفتن عن رسول الله صلى الله عليه وسلم",""
34,30,34,34,"Chapters On Dreams","",2270,2294,25," كتاب الرؤيا عن رسول الله صلى الله عليه وسلم",""
35,30,35,35,"Chapters On Witnesses","",2295,2303,10," كتاب الشهادات عن رسول الله صلى الله عليه وسلم",""
36,30,36,36,"Chapters On Zuhd","",2304,2414,112," كتاب الزهد عن رسول الله صلى الله عليه وسلم",""
37,30,37,37,"Chapters on the description of the Day of Judgement, Ar-Riqaq, and Al-Wara'","",2415,2522,108,"كتاب صفة القيامة والرقائق والورع عن رسول الله صلى الله عليه وسلم",""
38,30,38,38,"Chapters on the description of Paradise","",2523,2572,50,"كتاب صفة الجنة عن رسول الله صلى الله عليه وسلم",""
39,30,39,39,"The Book on the Description of Hellfire","",2573,2605,33," كتاب صفة جهنم عن رسول الله صلى الله عليه وسلم",""
40,30,40,40,"The Book on Faith","",2606,2644,39," كتاب الإيمان عن رسول الله صلى الله عليه وسلم",""
41,30,41,41,"Chapters on Knowledge","",2645,2687,43," كتاب العلم عن رسول الله صلى الله عليه وسلم",""
42,30,42,42,"Chapters on Seeking Permission","",2688,2735,48," كتاب الاستئذان والآداب عن رسول الله صلى الله عليه وسلم",""
43,30,43,43,"Chapters on Manners","",2736,2858,135,"كتاب الأدب عن رسول الله صلى الله عليه وسلم",""
44,30,44,44,"Chapters on Parables","",2859,2874,17," كتاب الأمثال عن رسول الله صلى الله عليه وسلم",""
45,30,45,45,"Chapters on The Virtues of the Qur'an","",2875,2926,52," كتاب ثواب القرآن عن رسول الله صلى الله عليه وسلم",""
46,30,46,46,"Chapters on Recitation","",2927,2949,23," كتاب القراءات عن رسول الله صلى الله عليه وسلم",""
47,30,47,47,"Chapters on Tafsir","",2950,3369,421,"كتاب تفسير القرآن عن رسول الله صلى الله عليه وسلم",""
48,30,48,48,"Chapters on Supplication","",3370,3604,244," كتاب الدعوات عن رسول الله صلى الله عليه وسلم",""
49,30,49,49,"Chapters on Virtues","",3605,3956,356," كتاب المناقب عن رسول الله صلى الله عليه وسلم",""
-1,38,0,1,"The Book of the Sunnah",,1,266,266,"كتاب المقدمة",
1,38,1,2,"The Book of Purification and its Sunnah","",267,666,400,"كتاب الطهارة وسننها ",""
2,38,2,3,"The Book of the Prayer","",667,705,39," كتاب الصلاة ",""
3,38,3,4,"The Book of the Adhan and the Sunnah Regarding It","",706,734,29," كتاب الأذان والسنة فيها ",""
4,38,4,5,"The Book On The Mosques And The Congregations","",735,802,68," كتاب المساجد والجماعات ",""
5,38,5,6,"Establishing the Prayer and the Sunnah Regarding Them","",803,1432,630," كتاب إقامة الصلاة والسنة فيها ",""
6,38,6,7,"Chapters Regarding Funerals","",1433,1637,205," كتاب الجنائز ",""
7,38,7,8,Fasting,"",1638,1782,145," كتاب الصيام ",""
8,38,8,9,"The Chapters Regarding Zakat","",1783,1844,62," كتاب الزكاة ",""
9,38,9,10,"The Chapters on Marriage","",1845,2015,171," كتاب النكاح ",""
10,38,10,11,"The Chapters on Divorce","",2016,2477,74," كتاب الطلاق ",""
11,38,11,12,"The Chapters on Expiation","",2090,2136,47," كتاب الكفارات ",""
12,38,12,13,"The Chapters on Business Transactions","",2137,2307,171," كتاب التجارات ",""
13,38,13,14,"The Chapters on Rulings","",2308,2374,67," كتاب الأحكام ",""
14,38,14,15,"The Chapters on Gifts","",2375,2389,15," كتاب الهبات ",""
15,38,15,16,"The Chapters on Charity","",2390,2528,46," كتاب الصدقات ",""
16,38,16,17,"The Chapters on Pawning","",2436,2491,57," كتاب الرهون ",""
17,38,17,18,"The Chapters on Pre-emption","",2492,2501,11," كتاب الشفعة ",""
18,38,18,19,"The Chapters on Lost Property","",2502,2511,10," كتاب اللقطة ",""
19,38,19,20,"The Chapters on Manumission (of Slaves)","",2512,2532,21," كتاب العتق ",""
20,38,20,21,"The Chapters on Legal Punishments","",2533,2614,82," كتاب الحدود ",""
21,38,21,22,"The Chapters on Blood Money","",2615,2694,80," كتاب الديات ",""
22,38,22,23,"The Chapters on Wills","",2695,2718,24," كتاب الوصايا ",""
23,38,23,24,"Chapters on Shares of Inheritance","",2719,2752,34," كتاب الفرائض ",""
24,38,24,25,"The Chapters on Jihad","",2753,2881,129," كتاب الجهاد ",""
25,38,25,26,"Chapters on Hajj Rituals","",2882,3119,238," كتاب المناسك ",""
26,38,26,27,"Chapters on Sacrifices","",3120,3161,42," كتاب الأضاحي ",""
27,38,27,28,"Chapters on Slaughtering","",3162,3199,38," كتاب الذبائح ",""
28,38,28,29,"Chapters on Hunting","",3200,3250,51," كتاب الصيد ",""
29,38,29,30," Chapters on Food","",3251,3370,120," كتاب الأطعمة ",""
30,38,30,31,"Chapters on Drinks","",3371,3435,65," كتاب الأشربة ",""
31,38,31,32,"Chapters on Medicine","",3436,3549,114," كتاب الطب ",""
32,38,32,33,"Chapters on Dress","",3550,3656,107," كتاب اللباس ",""
33,38,33,34,Etiquette,"",3657,3826,170," كتاب الأدب ",""
34,38,34,35,Supplication,"",3827,3892,66," كتاب الدعاء ",""
35,38,35,36,"Interpretation of Dreams","",3893,3926,34," كتاب تعبير الرؤيا ",""
36,38,36,37,Tribulations,"",3927,4099,175," كتاب الفتن ",""
37,38,37,38,Zuhd,"",4100,4341,242," كتاب الزهد",""
1,40,1,1,"The Times of Prayer","",0,0,0," كتاب وقوت الصلاة ",""
2,40,2,2,Purity,"",0,0,0," كتاب الطهارة ",""
3,40,3,3,Prayer,"",0,0,0," كتاب الصلاة ",""
4,40,4,4,"Forgetfulness in Prayer","",0,0,0," كتاب السهو ",""
5,40,5,5,"Jumu'a","",0,0,0," كتاب الجمعة ",""
6,40,6,6,"Prayer in Ramadan","",0,0,0," كتاب الصلاة فى رمضان ",""
7,40,7,7,Tahajjud,"",0,0,0," كتاب صلاة الليل ",""
8,40,8,8,"Prayer in Congregation","",0,0,0," كتاب صلاة الجماعة ",""
9,40,9,9,"Shortening the Prayer","",0,0,0," كتاب قصر الصلاة فى السفر ",""
10,40,10,10,"The Two 'Ids","",0,0,0," كتاب العيدين ",""
11,40,11,11,"The Fear Prayer","",0,0,0," كتاب صلاة الخوف ",""
12,40,12,12,"The Eclipse Prayer","",0,0,0," كتاب صلاة الكسوف ",""
13,40,13,13,"Asking for Rain","",0,0,0," كتاب الاستسقاء ",""
14,40,14,14,"The Qibla","",0,0,0," كتاب القبلة ",""
15,40,15,15,"The Qur'an","",0,0,0," كتاب القرآن ",""
16,40,16,16,Burials,"",0,0,0," كتاب الجنائز ",""
17,40,17,17,Zakat,"",0,0,0," كتاب الزكاة ",""
18,40,18,18,Fasting,"",0,0,0," كتاب الصيام ",""
19,40,19,19,"I'tikaf in Ramadan","",0,0,0," كتاب الاعتكاف ",""
20,40,20,20,Hajj,"",0,0,0," كتاب الحج ",""
21,40,21,21,Jihad,"",0,0,0," كتاب الجهاد ",""
22,40,22,22,"Vows and Oaths","",0,0,0," كتاب النذور والأيمان ",""
23,40,23,23,"Sacrificial Animals","",0,0,0," كتاب الضحايا ",""
24,40,24,24,"Slaughtering Animals","",0,0,0," كتاب الذبائح ",""
25,40,25,25,Game,"",0,0,0," كتاب الصيد ",""
26,40,26,26,"The 'Aqiqa","",0,0,0," كتاب العقيقة ",""
27,40,27,27,"Fara'id","",0,0,0," كتاب الفرائض ",""
28,40,28,28,Marriage,"",0,0,0," كتاب النكاح ",""
29,40,29,29,Divorce,"",0,0,0," كتاب الطلاق ",""
30,40,30,30,Suckling,"",0,0,0," كتاب الرضاع ",""
31,40,31,31,"Business Transactions","",0,0,0," كتاب البيوع",""
32,40,32,32,Qirad,"",0,0,0," كتاب القراض ",""
33,40,33,33,Sharecropping,"",0,0,0," كتاب المساقاة ",""
34,40,34,34,"Renting Land","",0,0,0," كتاب كراء الأرض ",""
35,40,35,35,"Pre-emption in Property","",0,0,0," كتاب الشفعة ",""
36,40,36,36,Judgements,"",0,0,0," كتاب الأقضية ",""
37,40,37,37,"Wills and Testaments","",0,0,0," كتاب الوصية ",""
38,40,38,38,"Setting Free and Wala'","",0,0,0," كتاب العتق والولاء ",""
39,40,39,39,"The Mukatab","",0,0,0," كتاب المكاتب ",""
40,40,40,40,"The Mudabbar","",0,0,0," كتاب المدبر ",""
41,40,41,41,Hudud,"",0,0,0," كتاب الحدود ",""
42,40,42,42,Drinks,"",0,0,0," كتاب الأشربة",""
43,40,43,43,Blood-Money,"",0,0,0," كتاب العقول ",""
44,40,44,44,"The Oath of Qasama","",0,0,0," كتاب القسامة ",""
45,40,45,45,Madina,"",0,0,0,"كتاب الْمَدِينَةِ",""
46,40,46,46,"The Decree","",0,0,0,"كتاب القدر",""
47,40,47,47,"Good Character","",0,0,0,"كتاب حسن الخلق",""
48,40,48,48,Dress,"",0,0,0," كتاب اللباس ",""
49,40,49,49,"The Description of the Prophet (ﷺ)","",0,0,0," كتاب صفة النبى صلى الله عليه وسلم ",""
50,40,50,50,"The Evil Eye","",0,0,0," كتاب العين ",""
51,40,51,51,Hair,"",0,0,0," كتاب الشعر ",""
52,40,52,52,Visions,"",0,0,0," كتاب الرؤيا ",""
53,40,53,53,Greetings,"",0,0,0," كتاب السلام ",""
54,40,54,54,"General Subjects","",0,0,0," كتاب الاستئذان ",""
55,40,55,55,"The Oath of Allegiance","",0,0,0," كتاب البيعة ",""
56,40,56,56,Speech,"",0,0,0," كتاب الكلام ",""
57,40,57,57,Jahannam,"",0,0,0," كتاب جهنم",""
58,40,58,58,Sadaqa,"",0,0,0," كتاب الصدقة ",""
59,40,59,59,Knowledge,"",0,0,0," كتاب العلم",""
60,40,60,60,"The Supplication of the Unjustly Wronged","",0,0,0," كتاب دعوة المظلوم",""
61,40,61,61,"The Names of the Prophet (ﷺ)","",0,0,0," كتاب أسماء النبى صلى الله عليه وسلم ",""
1,50,1,1,"Musnad Abu Bakr as-Siddiq (ra)","",1,81,77,"مُسْنَدُ أَبِي بَكْرٍ الصِّدِّيقِ رَضِيَ اللَّهُ عَنْهُ",""
2,50,2,2,"Musnad `Umar b. al-Khattab (ra)","",82,390,291,"مُسْنَدِ عُمَرَ بْنِ الْخَطَّابِ رَضِيَ اللَّهُ عَنْهُ",""
3,50,3,3,"The Hadeeth of Saqeefah","",391,398,8,"حَدِيثُ السَّقِيفَةِ",""
4,50,4,4,"Musnad Uthman ibn Affan","",399,561,152,"مُسْنَدُ عُثْمَانَ بْنِ عَفَّانَ رَضِيَ اللَّهُ عَنْهُ",""
5,50,5,5,"Musnad 'Ali Ibn Abi Talib","",562,1380,778,"وَمِنْ مُسْنَدِ عَلِيِّ بْنِ أَبِي طَالِبٍ رَضِيَ اللَّهُ عَنْهُ",""
6,50,6,6,"Musnad of Abu Muhammad Talhah bin 'Ubaidullah","",1381,1404,22,"مُسْنَدُ أَبِي مُحَمَّدٍ طَلْحَةَ بْنِ عُبَيْدِ اللَّهِ رَضِيَ اللَّهُ تَعَالَى عَنْهُ",""
7,50,7,7,"The Musnad of az-Zubair bin al-'Awwam","",1405,1438,31,"مُسْنَدُ الزُّبَيْرِ بْنِ الْعَوَّامِ رَضِيَ اللَّهُ عَنْهُ",""
8,50,8,8,"Musnad Abu Ishaq Sa'd bin Abi Waqqas","",0,0,186,"",""
9,50,9,9,"Musnad of Sa'eed bin Zaid bin 'Amr bin Nufail","",0,0,30,"",""
10,50,10,10,"Musnad of 'Abdur-Rahman bin 'Awf az-Zuhri","",0,0,35,"",""
11,50,11,11,"Hadeeth of Abu 'Ubaidah bin al-Jarrah, whose name was 'Amir bin Abdullah","",0,0,12,"",""
12,50,12,12,"The Hadeeth of 'Abdur-Rahman bin Abi Bakr","",0,0,12,"",""
13,50,13,13,"Hadeeth of Zaid bin Kharijah","",0,0,1,"",""
14,50,14,14,"The Hadeeth of al-Harith bin Khazamah","",0,0,1,"",""
15,50,15,15,"Hadeeth of Sa'd, the freed slave of Abu Bakr","",0,0,2,"",""
16,50,16,16,"The Musnad of Ahlul-Bayt & Hadeeth of al-Hasan bin 'Ali bin Abu Talib","",0,0,12,"",""
17,50,17,17,"The hadeeth of Al-Husain bin 'Ali","",0,0,8,"",""
18,50,18,18,"Hadeeth of 'Aqeel bin Abi Talib","",0,0,2,"",""
19,50,19,19,"Hadeeth of Ja'far bin Abi Talib & It is Hadeeth of al-Hijrah (migration)","",0,0,1,"",""
20,50,20,20,"Hadeeth of 'Abdullah bin Ja'far bin Abi Talib","",0,0,22,"",""
21,50,21,21,"Musnad Bani Hashim (Hadeeth of al-'Abbas bin 'Abdul-Muttalib from the  Prophet)","",0,0,27,"",""
22,50,22,22,"Musnad of al-Fadl bin 'Abbas & narrating from the Prophet","",0,0,44,"",""
23,50,23,23,"Hadeeth of Tammam bin al-'Abbas bin 'Abdul-Muttalib from the Prophet","",0,0,2,"",""
24,50,24,24,"Hadeeth of 'Ubaidullah bin al-'Abbas & from the Prophet","",0,0,1,"",""
25,50,25,25,"Musnad of 'Abdullah bin al-'Abbas bin 'Abdul-Muttalib from the Prophet","",0,0,1689,"",""
26,50,26,26,"Musnad of Abdullah bin Mas'ood","",0,0,821,"",""
31,50,31,27,"","",0,0,0,"حَدِيثُ أَبِي رِمْثَةَ عَنْ النَّبِيَّ رَضِيَ اللَّهُ عَنْهُ",""
1,102,1,1,"Forty Hadith of an-Nawawi","مقدمة المؤلفالحمد لله رب العالمين قيوم السموات والأرضين. مدبر الخلائق أجمعين. باعث الرسل - صلواته وسلامه عليهم- إلى المكلفين لهدايتهم وبيان شرائع الدين بالدلائل القطعية، وواضحات البراهين. أحمده على جميع نعمه. وأسأله المزيد من فضله وكرمه. وأشهد أن لا إله إلا الله الواحد القهار. الكريم الغفار وأشهد أن سيدنا محمداً عبده ورسوله وحبيبه وخليله أفضل المخلوقين، المكرم بالقرآن العزيز المعجزة المستمرة على تعاقب السنين، وبالسنن المستنيرة للمسترشدين المخصوص بجوامع الكلم وسماحة الدين صلوات الله وسلامه عليه وعلى سائر النبيين والمرسلين وآل كل وسائر الصالحين.

أما بعد: فقد روينا عن علي بن أبي طالب، وعبد الله بن مسعود، ومعاذ بن جبل، وأبي الدرداء، وابن عمر، وابن عباس، وأنس بن مالك، وأبي هريرة، وأبي سعيد الخدري رضي الله تعالى عنهم من طرق كثيرات بروايات متنوعات: أن رسول الله صلى الله عليه وسلم قال: ""من حفظ على أمتي أربعين حديثاً من أمر دينها بعثه الله يوم القيامة في زمرة الفقهاء والعلماء"" وفي رواية: ""بعثه الله فقيها عالما"". وفي رواية أبي الدرداء: ""وكنت له يوم القيامة شافعا وشهيدا"". وفي رواية ابن مسعود: قيل له: ""ادخل من أي أبوب الجنة شئت"" وفي رواية ابن عمر ""كُتِب في زمرة العلماء وحشر في زمرة الشهداء"". واتفق الحفاظ على أنه حديث ضعيف وإن كثرت طرقه.

وقد صنّف العلماء رضي الله تعالى عنهم في هذا الباب ما لا يُحصى من المصنّفات. فأول من علمته صنف فيه: عبد الله بن المبارك، ثم محمد بن أسلم الطوسي العالم الرباني، ثم الحسن بن سفيان النسائي، وأبو بكر الآجري، وأبو بكر بن إبراهيم الأصفهاني، والدارقطني، والحاكم،وأبو نعيم، وأبو عبد الرحمن السلميّ، وأبو سعيد الماليني، وأبو عثمان الصابوني، وعبد الله بن محمد الأنصاري. وأبو بكر البيهقي، وخلائق لا يحصون من المتقدمين والمتأخرين، وقد استخرت الله تعالى في جمع أربعين حديثاً اقتداء بهؤلاء الأئمة الأعلام وحفاظ الإسلام. وقد اتفق العلماء على جواز العمل بالحديث الضعيف في فضائل الأعمال. ومع هذا فليس اعتمادي على هذا الحديث، بل على قوله صلى الله عليه وسلم في الأحاديث الصحيحة: ""ليبلغ الشاهد منكم الغائب"" وقوله صلى الله عليه وسلم: ""نضر الله امرأً سمع مقالتي فوعاها فأدّاها كما سمعها"".

ثم من العلماء من جمع الأربعين في أصول الدين، وبعضهم في الفروع، وبعضهم في الجهاد، وبعضهم في الزهد، وبعضهم في الآداب، وبعضهم في الخطب، وكلها مقاصة صالحة رضي الله تعالى عن قاصديها. قد رأيت جمع أربعين أهم من هذا كله، وهي أربعون حديثاً مشتملة على جميع ذلك، وكل حديث منها قاعدة عظيمة من قواعد الدين قد وصفه العلماء بأن مدار الإسلام عليه، أو هو نصف الإسلام أو ثلثه أو نحو ذلك. ثم ألتزم في هذه الأربعين أن تكون صحيحة، ومعظمها في صحيحي البخاري ومسلم، وأذكرها محذوفة الأسانيد، ليسهل حفظها، ويعم الانتفاع بها إن شاء الله تعالى، ثم أُتبعها بباب في ضبط خفي ألفاظها.

وينبغي لكل راغب في الآخرة أن يعرف هذه الأحاديث، لما اشتملت عليه من المهمات، واحتوت عليه من التنبيه على جميع الطاعات وذلك ظاهر لمن تدبّره، وعلى الله اعتمادي، وإليه تفويضي واستنادي وله الحمد والنعمة، وبه التوفيق والعصمة.",1,42,42,"الأربعون النووية","Author's Introduction
Praise is [due] to Allah, Lord of the worlds, Sustainer of the heavens and the earths, director of all created beings, sender of messengers, may Allah's praises and peace be upon them all, to responsible beings in order to guide them and clarify the ways of religion by means of decisive evidences and clear proofs. I praise Him for all His favors and ask Him for an excess of His bounty and generosity. I testify that there is no deity but Allah alone, there being no associate with Him – the One, the Prevailing, the Generous, the Perpetual Forgiver. And I testify that our master Muḥammad is His servant and messenger; His beloved and His pure friend; the best of creatures; the one honored through the mighty Qur’ān, the continuing miracle over the succession of years; and through sunnahs that enlighten those seeking right guidance; distinguished for comprehensive speech and ease in religion. May the blessings and peace of Allah be upon him and upon all the prophets and messengers, their families and all righteous people. 

To proceed – it has been related to us from `Ali bin Abī Ṭālib, `Abdullāh bin Mas‘ūd, Mu‘ādh bin Jabal, Abūd-Dardā’, Ibn `Umar, Ibn ʽAbbās, Anas bin Mālik, Abū Hurayrah and Abū Sa`eed al-Khudri (may Allah be pleased with them) through numerous chains with varied narrations that the Messenger of Allah (ﷺ) said, ""Whoever preserves for my nation forty ḥadīths concerning its religion – Allah will resurrect him on the Day of Resurrection among the jurists and scholars."" In one narration it says, ""...Allah will resurrect him as a jurist and scholar,"" and in that of Abūd-Dardā’, ""...I will be for him, on the Day of Resurrection, an intercessor and a witness."" In the narration of Ibn Mas‘ūd it says, ""...he will be told, 'Enter by any of the doors of Paradise you wish,'"" and in that of Ibn `Umar, ""...he will be registered among the scholars and resurrected among the martyrs."" But ḥadīth scholars have agreed that it is a weak ḥadīth despite its many narrations. 

The scholars have compiled within this context countless collections. The first one I have known to do so was `Abdullāh bin al-Mubārak and then Ibn Aslam at-Tūsi, the nurturing scholar; then al-Ḥasan bin Sufyān an-Nasā’i, Abū Bakr al-Ajurri, Abū Bakr Muḥammad bin Ibrāheem al-Asfahāni, ad-Daraqutni, al-Ḥākim, Abū Nu`aym, Abū `Abdur-Raḥmān as-Sulami, Abū Sa‘eed al-Malīni, Abū ‘Uthmān as-Sabūni, `Abdullāh bin Muḥammad al-Anṣāri, Abū Bakr al-Bayhaqi and innumerable others from among 
both previous and later ones. And I have made istikhārah to  Allah the exalted concerning the collecting of forty ḥadīthsfollowing the example of those well-known imams and preservers of Islam. For the scholars have agreed upon the permissibility of acting on a weak ḥadīth in regard to virtuous deeds. But in spite of this, my reliance is not upon that ḥadīth but rather on his ﷺ statement among the authentic hadiths: ""Let the one present among you convey to the absent"" and his saying: ""May Allah make radiant [the face of] a person who heard my statement and grasped it and passed it on as he heard it.""

Then there were some scholars who collected forty [ḥadīths] on the fundamentals of the religion, while others [did so] on the derived matters, others on jihād, others on asceticism, others on conduct, others on speeches. And all of them are sound objectives, may Allah be pleased with those who intended them. But I have considered collecting forty more important than all of those, and they would be forty ḥadīths inclusive of all that, and each ḥadīth would be a great precept from those of the religion – one that scholars had described as having Islam revolve around it or half of Islam or a third of it and the like. Furthermore, I would commit myself, regarding these forty, to their being authentic, and most of them are [found] within the two Ṣaḥeeḥs of al-Bukhāri and Muslim. I cite them with the chains of narration removed in order to make their memorization easy and their benefit widespread, in-sha-Allah ta`ālā. I then them up with a section defining their more obscure wordings.

Everyone desiring the Hereafter ought to know these ḥadīths for what they contain of important information and because they alert one to all acts of obedience [to Allah], which is clear to whoever reflects upon it. Upon Allah is my dependence, and upon Him is my relegation and support. To Him belongs [all] praise and favor, and from Him is [all] success and protection."
2,102,2,2,"Forty Hadith Qudsi",,1,40,40,"الحديث القدسي",
3,102,3,3,"Forty Hadith of Shah Waliullah Dehlawi",,1,40,40,"أربعون شاه ولي الله الدهلوي",
-1,110,0,1,"The Book of Miscellany",,1,679,679,"كتاب المقدمات",
1,110,1,2,"The Book of Good Manners","",680,726,47,"كتاب الأدب",""
2,110,2,3,"The Book About the Etiquette of Eating","",727,777,51,"كتـــــاب أدب الطعام",""
3,110,3,4,"The Book of Dress","",778,812,35,"كتــــاب اللباس",""
4,110,4,5,"The Book of the Etiquette of Sleeping, Lying and Sitting etc","",813,843,31,"كتاب آداب النوم",""
5,110,5,6,"The Book of Greetings","",844,893,50,"كتاب السلام",""
6,110,6,7,"The Book of Visiting the Sick","",894,955,62,"كتاب عيادة المريض وتشييع الميت والصلاة عليه وحضور دفنه",""
7,110,7,8,"The Book of Etiquette of Traveling","",956,990,35,"كتاب آداب السفر",""
8,110,8,9,"The Book of Virtues","",991,1267,277,"كتاب الفضائل",""
9,110,9,10,"The Book of I'tikaf","",1268,1270,3,"كتاب الاعتكاف",""
10,110,10,11,"The Book of Hajj","",1271,1284,14,"كتاب الحج",""
11,110,11,12,"The Book of Jihad","",1285,1375,91,"كتاب الجهاد",""
12,110,12,13,"The Book of Knowledge","",1376,1392,17,"كتاب العلم",""
13,110,13,14,"The Book of Praise and Gratitude to Allah","",1393,1396,4,"كتاب حمد الله تعالى وشكره",""
14,110,14,15,"The Book of Supplicating Allah to Exalt the Mention of Allah's Messenger","",1397,1407,11,"كتاب الصلاة على رسول الله صلى الله عليه وسلم",""
15,110,15,16,"The Book of the Remembrance of Allah","",1408,1464,57,"كتاب الأذكار",""
16,110,16,17,"The Book of Du'a (Supplications)","",1465,1510,46,"كتاب الدعوات",""
17,110,17,18,"The Book of the Prohibited actions","",1511,1807,297,"كتاب الأمور المنهي عنها",""
18,110,18,19,"The Book of Miscellaneous ahadith of Significant Values","",1808,1868,61,"كتاب المنثورات والملح",""
19,110,19,20,"The Book of Forgiveness","",1869,1896,28,"كتاب الاستغفار ",""
-1,113,0,1,"Author's Introduction","بِسم الله الرَّحْمَن الرَّحِيم وَبِه نستعين
الْحَمد لله، ونحمده وَنَسْتَعِينُهُ وَنَسْتَغْفِرُهُ، وَنَعُوذُ بِاللَّهِ مِنْ شُرُورِ أَنْفُسِنَا وَمن سيئات أَعمالنَا، من ييهده اللَّهُ فَلَا مُضِلَّ لَهُ، وَمَنْ يُضْلِلْ فَلَا هَادِيَ لَهُ. وَأَشْهَدُ أَنْ لَا إِلَهَ إِلَّا اللَّهُ شَهَادَةً تَكُونُ لِلنَّجَاةِ وَسِيلَةً، وَلِرَفْعِ الدَّرَجَاتِ كَفِيلَةً، وَأَشْهَدُ أَنَّ مُحَمَّدًا عَبْدُهُ وَرَسُولُهُ، الَّذِي بَعثه وطرق الْإِيمَانِ قَدْ عَفَتْ آثَارُهَا، وَخَبَتْ أَنْوَارُهَا، وَوَهَنَتْ أَرْكَانهَا، وَجَهل مَكَانهَا، فشيد صلوَات الله وسلامة عَلَيْهِ من معالمها مَا عَفا، وشفى من الغليل فِي تَأْيِيدِ كَلِمَةِ التَّوْحِيدِ مَنْ كَانَ عَلَى شفى، وأوضح سَبِيل الهادية لِمَنْ أَرَادَ أَنْ يَسْلُكَهَا، وَأَظْهَرَ كُنُوزَ السَّعَادَةِ لِمَنْ قَصَدَ أَنْ يَمْلِكَهَا. أَمَّا بَعْدُ؛ فَإِنَّ التَّمَسُّكَ بِهَدْيهِ لَا يَسْتَتِبُّ إِلَّا بِالِاقْتِفَاءِ لِمَا صَدَرَ مِنْ مِشْكَاتِهِ، وَالِاعْتِصَامُ بِحَبْلِ اللَّهِ لَا يَتِمُّ إِلَّا بِبَيَانِ كَشْفِهِ، وَكَانَ «كِتَابُ الْمَصَابِيحِ» - الَّذِي صَنَّفَهُ الْإِمَامُ مُحْيِي السُّنَّةِ، قَامِعُ الْبِدْعَةِ، أَبُو مُحَمَّد الْحُسَيْن بن مَسْعُود الْفراء الْبَغَوِيُّ، رَفَعَ اللَّهُ دَرَجَتَهُ - أَجْمَعَ كِتَابٍ صُنِّفَ فِي بَابِهِ، وَأَضْبَطَ لِشَوَارِدِ الْأَحَادِيثِ وَأَوَابِدِهَا. وَلَمَّا سلك - رَضِي الله عَنهُ - طَرِيق الِاخْتِصَارَ، وَحَذَفَ الْأَسَانِيدَ؛ تَكَلَّمَ فِيهِ بَعْضُ النُّقَّادِ، وَإِنْ كَانَ نَقْلُهُ - وَإِنَّهُ مِنَ الثِّقَاتِ - كَالْإِسْنَادِ، لَكِنْ لَيْسَ مَا فِيهِ أَعْلَامٌ كالأغفال، فاستخرت الله تَعَالَى، واستوفقت مِنْهُ، فأعلمت مَا أغفله، فأودعت كل حَدِيث مِنْهُ فِي مقره كَمَا رَوَاهُ الْأَئِمَّة المنقنون، وَالثِّقَاتُ الرَّاسِخُونَ؛ مِثْلُ أَبِي عَبْدِ اللَّهِ مُحَمَّدِ بْنِ إِسْمَاعِيلَ الْبُخَارِيِّ، وَأَبِي الْحُسَيْنِ مُسْلِمِ بْنِ الْحَجَّاجِ الْقُشَيْرَيِّ، وَأَبِي عَبْدِ اللَّهِ مَالِكِ بْنِ أَنَسٍ الْأَصْبَحِيِّ، وَأَبِي عَبْدِ اللَّهِ مُحَمَّدِ بْنِ إِدْرِيسَ الشَّافِعِيِّ، وَأَبِي عَبْدِ اللَّهِ أَحْمَدَ بْنِ مُحَمَّد بن حَنْبَل الشَّيْبَانِيّ، وَأبي عِيسَى مُحَمَّد بن عِيسَى التِّرْمِذِيِّ، وَأَبِي دَاوُدَ سُلَيْمَانَ بْنِ الْأَشْعَثِ السِّجِسْتَانِيِّ، وَأَبِي عَبْدِ الرَّحْمَنِ أَحْمَدَ بْنِ شُعَيْبٍ النَّسَائِيِّ، وَأبي عبد الله مُحَمَّد بن يزِيد بن مَاجَهْ الْقَزْوِينِيِّ، وَأَبِي مُحَمَّدٍ عَبْدِ اللَّهِ بْنِ عَبْدِ الرَّحْمَنِ الدَّارِمِيِّ، وَأَبِي الْحَسَنِ عَلِيِّ بْنِ عمر الدَّارَقُطْنِيِّ، وَأَبِي بَكْرٍ أَحْمَدَ بْنِ الْحُسَيْنِ الْبَيْهَقِيِّ، وَأَبِي الْحَسَنِ رَزِينِ بْنِ مُعَاوِيَةَ الْعَبْدَرِيِّ، وَغَيْرِهِمْ وَقَلِيلٌ مَا هُوَ. وَإِنِّي إِذَا نَسَبْتُ الْحَدِيثَ إِلَيْهِمْ كَأَنِّي أَسْنَدْتُ إِلَى النَّبِيِّ صَلَّى اللَّهُ عَلَيْهِ وَسلم؛ لأَنهم قدفرغوا مِنْهُ، وَأَغْنَوْنَا عَنْهُ. وَسَرَدْتُ الْكُتُبَ وَالْأَبْوَابَ كَمَا سَرَدَهَا، وَاقْتَفَيْتُ أَثَرَهُ فِيهَا، وَقَسَّمْتُ كُلَّ بَابٍ غَالِبًا عَلَى فُصُولٍ ثَلَاثَةٍ: أَوَّلُهَا: مَا أَخْرَجَهُ الشَّيْخَانِ أَوْ أَحَدُهُمَا، وَاكْتَفَيْتُ بِهِمَا وَإِنِ اشْتَرَكَ فِيهِ الْغَيْرُ؛ لِعُلُوِّ دَرَجَتِهِمَا فِي الرِّوَايَةِ. وَثَانِيهَا: مَا أَوْرَدَهُ غَيْرُهُمَا مِنَ الْأَئِمَّةِ الْمَذْكُورِينَ.

وَثَالِثُهَا: مَا اشْتَمَلَ عَلَى مَعْنَى الْبَابِ مِنْ محلقات مُنَاسِبَةٍ مَعَ مُحَافَظَةٍ عَلَى الشَّرِيطَةِ، وَإِنْ كَانَ مَأْثُورًا عَنِ السَّلَفِ وَالْخَلَفِ. ثُمَّ إِنَّكَ إِنْ فَقَدْتَ حَدِيثًا فِي بَابٍ؛ فَذَلِكَ عَنْ تَكْرِيرٍ أُسْقِطُهُ. وَإِنْ وَجَدْتَ آخَرَ بَعْضَهُ مَتْرُوكًا عَلَى اخْتِصَارِهِ، أَوْ مَضْمُومًا إِلَيْهِ تَمَامُهُ؛ فَعَنْ دَاعِي اهْتِمَامٍ أَتْرُكُهُ وَأُلْحِقُهُ. وَإِنْ عَثَرْتَ عَلَى اخْتِلَافٍ فِي الْفَصْلَيْنِ مِنْ ذِكْرِ غَيْرِ الشَّيْخَيْنِ فِي الْأَوَّلِ، وَذِكْرِهِمَا فِي الثَّانِي؛ فَاعْلَمْ أَنِّي بَعْدَ تتبعي كتابي «الْجمع بَين الصحيحن» لِلْحُمَيْدِيِّ، وَ «جَامِعَ الْأُصُولِ» ؛ اعْتَمَدْتُ عَلَى صَحِيحَيِ الشَّيْخَيْنِ وَمَتْنَيْهِمَا. وَإِنْ رَأَيْتَ اخْتِلَافًا فِي نَفْسِ الْحَدِيثِ؛ فَذَلِكَ مِنْ تَشَعُّبِ طُرُقِ الْأَحَادِيثِ، وَلَعَلِّي مَا أطلعت على تِلْكَ الرِّوَايَة التس سَلَكَهَا الشَّيْخُ رَضِيَ اللَّهُ عَنْهُ. وَقَلِيلًا مَا تَجِدُ أَقُولُ: مَا وَجَدْتُ هَذِهِ الرِّوَايَةَ فِي كتب وَجَدْتُ خِلَافَهَا فِيهَا. فَإِذَا وَقَفْتَ عَلَيْهِ فَانْسِبِ الْقُصُورَ إِلَيَّ لِقِلَّةِ الدِّرَايَةِ، لَا إِلَى جَنَابِ الشَّيْخِ رَفَعَ اللَّهُ قَدْرَهُ فِي الدَّارَيْنِ، حَاشَا لِلَّهِ مِنْ ذَلِكَ. رَحِمَ اللَّهُ مَنْ إِذَا وَقَفَ عَلَى ذَلِكَ نَبَّهَنَا عَلَيْهِ، وَأَرْشَدَنَا طَرِيقَ الصَّوَابِ. وَلَمْ آلُ جُهْدًا فِي التَّنْقِيرِ وَالتَّفْتِيشِ بِقَدْرِ الْوُسْعِ وَالطَّاقَةِ، وَنَقَلْتُ ذَلِكَ الِاخْتِلَافَ كَمَا وجدت. وَمَا أَشَارَ إِلَيْهِ رَضِيَ اللَّهُ عَنْهُ مِنْ غَرِيبٍ أَوْ ضَعِيفٍ أَوْ غَيْرِهِمَا؛ بَيَّنْتُ وَجْهَهُ غَالِبًا، وَمَا لَمْ يُشِرْ إِلَيْهِ مِمَّا فِي الْأُصُولِ؛ فَقَدْ قَفَّيْتُهُ فِي تَرْكِهِ، إِلَّا فِي مَوَاضِع لغَرَض. وَرُبمَا تَجِد مَوَاضِع مهملهة، وَذَلِكَ حَيْثُ لم أطلع على رِوَايَة فَتَرَكْتُ الْبَيَاضَ، فَإِنْ عَثَرْتَ عَلَيْهِ فَأَلْحِقْهُ بِهِ، أَحْسَنَ اللَّهُ جَزَاءَكُ.

وَسَمَّيْتُ الْكِتَابَ. بِ «مِشْكَاةِ الْمَصَابِيحِ» وَأَسْأَلُ اللَّهَ التَّوْفِيقَ وَالْإِعَانَةَ وَالْهِدَايَةَ وَالصِّيَانَةَ، وَتَيْسِيرَ مَا أَقْصِدُهُ، وَأَنْ يَنْفَعَنِي فِي الْحَيَاةِ وَبَعْدَ الْمَمَاتِ، وَجَمِيعَ الْمُسْلِمِينَ وَالْمُسْلِمَاتِ. حَسْبِيَ اللَّهُ وَنِعْمَ الْوَكِيلُ. وَلَا حَوْلَ وَلَا قُوَّةَ إِلَّا بِاللَّهِ الْعَزِيزِ الْحَكِيمِ.",1,1,1,"مقدمة المؤلف","In the name of God, the Compassionate, the Merciful.

Praise be to God. We praise Him and ask His help and forgiveness, and we seek refuge in God from the evils within us and from our wicked deeds. He whom God guides has no one to lead him astray, and he whom He leads astray has no guide. I testify that there is no god but God, a testimony which is a means of attaining salvation and a guarantee of the exalting of men’s degrees., And I testify that Muhammad is His servant and messenger whom He sent when the traces of the paths of faith were obliterated, their lights were extinguished, their strength was weakened, and their position was unknown. Then he, to whom be granted the blessings and safe-keeping of God, raised the landmarks which had been cast down, healed by upholding the statement of God's Unity those among the sick who were upon the brink of destruction, made clear the paths of guidance for those who wished to tread them, and displayed the treasures of bliss to those who aimed at possessing them.

To proceed: Only by following what has emanated from his mind can one effectively hold fast to his guidance, and only by means of the explanation of what he disclosed can a perfect grip of God's revelation be attained. Kitab al-Masabih, which was composed by the imam, the reviver of the Sunna (Muhyi as-Sunnah is a title given to Baghawi) and subduer of innovation, Abu Muhammad al-Husain b. Mas'ud al-Farra', al-Baghawi, whose degree may God exalt, is the most comprehensive book written on its subject and the one which most effectively deals with unfamiliar and unusual traditions. But he, for whom we pray for God’s good pleasure, was found fault with by some critics for adopting the method of abridgement and omitting the isnads, even though his transmission, he being a reliable authority, is equivalent to an isnad; so because districts with landmarks are not like those which have none, having asked God most high to bless and help me, I marked what he had left unmarked as it was transmitted by the thoroughly versed imams and well-grounded reliable authorities, such as Abu ‘Abdallah Muhammad b. Isma'il al-Bukhari, Abul Husain Muslim b. al-Hajjaj al-Qushairi, Abu ‘Abdallah Malik b. Anas al-Asbahi, Abu ‘Abdallah Muhammad b. Idris al-Shafi‘i, Abu ‘Abdallah Ahmad b. Hanbal ash-Shaibani, Abu ‘Isa Muhammad b. ‘Isa at-Tirmidhi, Abu Dawud Sulaiman b. al-Ash‘ath as-Sijistani, Abu ‘Abd ar-Rahman Ahmad, b. Shu'aib an-Nasa’i, Abu ‘Abdallah Muhammad b. Yazid Ibn Majah al-Qazwini, Abu Muhammad ‘Abdallah b. ‘Abd ar-Rahman ad-Darimi, Abul Hasan ‘Ali b. ‘Umar ad-Daraqutni, Abu Bakr Ahmad b. al-Husain al-Baihaqi, Abul Hasan Razin b. Mu'awiya al-‘Abdari, and a few others. When I attribute a tradition to them, it is as though I trace it back to the Prophet for whom God’s blessing and safe-keeping is asked, because they have completed the isnad and made it unnecessary for us to do so. I have kept his order of the books and the chapters, following his course regarding them, and I have generally divided every chapter into three sections. The first is what the two shaikhs (i.e. Bukhari and Muslim) or one of them rendered, contenting myself with them because of their high rank in transmission, even if others transmitted the same tradition. The second is what other notable imams cited. 

The third is what is relevant to the subject of the chapter from corresponding additional material, even if it goes back only to the Companions (people who met and believed in the Prophet) and the Followers (people of the next generation after the companions) regard being paid to the condition laid down. If you miss a tradition in a chapter, it is because I omit it owing to its being repeated; and if you find another tradition part of which is omitted through abridging it, or one to which the full text has been added, I have made such omissions and additions for some important reason. If you find a discrepancy between two sections through someone other than the two shaikhs being mentioned in the first and their being mentioned in the second, know that after I studied the two books, Al-Jam‘ Bain as-Sahihain by al-Humaidi, and Jami‘ al-Usul (by Ibn al-Athir, 544-606 A.H.) relied on the Sahihs of the two shaikhs and their texts. And if you see a discrepancy in the tradition itself, that is because of the variety of the lines of transmission of traditions and the possibility that I may not have examined that version which was followed by the shaikh, for whom God’s good pleasure is prayed. You will find me saying a few times, ""I did not find this version in the originals” or, “I found something different from it.” When you come upon such matters, attribute the shortcoming to me, owing to the small extent of my knowledge. God forbid that you should attribute it to the revered shaikh for whom we pray that God may exalt his rank in this world and the next. May God bless him who, when he finds any information about that, draws our attention to it and guides us to the right path. I have not been remiss in energetically examining and investigating to the limit of my powers, and I have handed on that discrepancy as I found it. I have generally explained the aspect of the traditions called gharib, da'if, etc., which he, for whom God’s good pleasure is prayed, indicated. And I have followed him in omitting matters in the originals which he did not indicate, except in some places when I had a purpose in view. You will often find places unmarked, that being where I did not come upon the transmitter, so I left a blank; but if you stumble upon him, put his name in and may God give you a good reward. 

I have called the book Mishkat al-Masabih, and I ask God to help, aid, guide, guard and facilitate what I purpose and to bestow benefit on me in life and after death, as well as on all men and women who are Muslims. God is my sufficiency, and good is the Trustee. There is no power or strength except in God, the Mighty, the Wise."
1,113,1,2,Faith,"",2,197,188,"كتاب الإيمان",""
2,113,2,3,Knowledge,"",198,280,75,"كتاب العلم",""
3,113,3,4,Purification,"",281,562,258,"كتاب الطهارة",""
4,113,4,5,Prayer,"",564,1522,921,"كتاب الصلاة",""
5,113,5,6,Funerals,"",1523,1771,243,"كتاب الجنائز",""
6,113,6,7,Zakat,"",1772,1955,180,"كتاب الزكاة",""
7,113,7,8,Fasting,"",1956,2108,148,"كتاب الصوم",""
8,113,8,9,"The Excellent Qualities of the Qur'an","",2109,2222,112,"كتاب فضائل القرآن",""
9,113,9,10,Supplications,"",2223,2504,272,"كتاب الدعوات",""
10,113,10,11,"The Rites of Pilgrimage","",2505,2758,246,"كتاب المناسك",""
11,113,11,12,"Business Transactions","",2759,3040,274,"كتاب البيوع",""
12,113,12,13,"Inheritance and Wills","",3041,3078,37,"كتاب الفرائض والوصايا",""
13,113,13,14,Marriage,"",3080,3381,293,"كتاب النكاح",""
14,113,14,15,Emancipation,"",3382,3405,24,"كتاب العتق",""
15,113,15,16,"Oaths and Vows","",3406,3445,39,"كتاب الإيمان والنذور",""
16,113,16,17,Retaliation,"",3446,3554,100,"كتاب القصاص",""
17,113,17,18,"Prescribed Punishments","",3555,3660,94,"كتاب الحدود",""
18,113,18,19,"The Offices of Commander and Qadi","",3661,3786,121,"كتاب الإمارة والقضاء",""
19,113,19,20,Jihad,"",3787,4063,273,"كتاب الجهاد",""
20,113,20,21,"Game and Animals Which May Be Slaughtered","",4064,4158,93,"كتاب الصيد والذبائح",""
21,113,21,22,Foods,"",4159,4303,135,"كتاب الأطعمة",""
22,113,22,23,Clothing,"",4304,4513,198,"كتاب اللباس",""
23,113,23,24,"Medicine and Spells","",4514,4605,88,"كتاب الطب والرقى",""
24,113,24,25,Visions,"",4606,4627,20,"كتاب الرؤيا",""
1,115,1,1,Parents,"",1,46,46,"كتاب الْوَالِدَيْنِ",""
2,115,2,2,"Ties of Kinship","",47,73,27,"كتاب صِلَةِ الرَّحِمِ",""
3,115,3,3,"Mawlas (Clients of Manumission)","",74,75,2,"كتاب مَوَالِي",""
4,115,4,4,"Looking after girls","",76,83,8,"كتاب عول البنات",""
5,115,5,5,"Looking after children","",84,100,17,"كتاب رعاية الأولاد",""
6,115,6,6,Neighbours,"",101,128,28,"كتاب الْجَارِ",""
7,115,7,7,"Generosity and Orphans","",129,142,14,"كتاب الْكَرَمِ وَ يَتِيمٌ",""
8,115,8,8,"Children's Death","",143,155,13,"كتاب موت الأولاد",""
9,115,9,9,"Being a master","",156,211,56,"كتاب الملكة",""
10,115,10,10,Supervision,"",212,220,9,"كتاب الرعاية",""
11,115,11,11,"Good Conduct","",221,237,17,"كتاب الْمَعْرُوفِ",""
12,115,12,12,"Cheerfulness Towards People","",238,255,18,"كتاب الِانْبِسَاطِ إِلَى النَّاسِ",""
13,115,13,13,Consultation,"",256,259,4,"كتاب الْمَشُورَةِ",""
14,115,14,14,"Excellence in Character","",0,0,0,"كتاب حسن الخلق",""
15,115,15,15,Cursing,"",309,332,24,"كتاب اللعن",""
16,115,16,16,Praise,"",333,343,11,"كتاب المدح",""
17,115,17,17,Visitation,"",344,352,10,"كتاب الزِّيَارَةِ",""
18,115,18,18,"The Elderly","",353,361,9,"كتاب الأكَابِرِ",""
19,115,19,19,Children,"",362,371,10,"كتاب الصَّغِيرِ",""
20,115,20,20,Mercy,"",372,384,13,"كتاب رَحْمَةِ",""
21,115,21,21,"Social Behaviour","",385,396,12,"كتاب ذات البين",""
22,115,22,22,Abandonment,"",397,414,18,"كتاب الهجر",""
23,115,23,23,Advising,"",415,418,4,"كتاب الإشارة",""
24,115,24,24,Disparaging,"",419,441,23,"كتاب السِّبَابِ",""
25,115,25,25,"Extravagance in Building","",442,461,20,"كتاب السَّرَفِ فِي  الْبِنَاءِ",""
26,115,26,26,Compassion,"",462,474,13,"كتاب الرِّفْقِ",""
27,115,27,27,"Attending to this world","",0,0,0,"كتاب الاعتناء بالدنيا",""
28,115,28,28,Injustice,"",483,490,8,"كتاب الظُّلْم",""
29,115,29,29,"Visiting the Ill","",491,537,47,"كتاب عيادة المرضى",""
30,115,30,30,"General Behavior","",538,603,66,"كتاب التصرف العام",""
31,115,31,31,Supplication,"",604,738,135,"كتاب الدعاء",""
32,115,32,32,"Guests and Spending","",739,753,15,"كتاب الضيف والنفقة",""
33,115,33,33,Sayings,"",754,810,57,"كتاب الأقوال",""
34,115,34,34,Names,"",811,841,31,"كتاب الأسْمَاءِ",""
35,115,35,35,Kunyas,"",842,855,14,"كتاب  الكُنْيَةِ",""
36,115,36,36,Poetry,"",856,874,19,"كتاب الشِّعْرِ",""
37,115,37,37,Words,"",875,887,13,"كتاب الْكَلامِ",""
38,115,38,38,Consequences,"",888,906,19,"كتاب عاقبة الأمور",""
39,115,39,39,Omens,"",907,918,12,"كتاب الطيرة",""
40,115,40,40,"Sneezing and Yawning","",919,951,33,"كتاب الْعُطَاسَ والتثاؤب",""
41,115,41,41,Gestures,"",952,964,13,"كتاب الحركات",""
42,115,42,42,Greetings,"",965,1050,87,"كتاب السَّلامِ",""
43,115,43,43,"Asking Permission","",1051,1100,50,"كتاب الاسْتِئْذَانُ",""
44,115,44,44,"The People of the Book","",1101,1116,16,"كتاب أَهْلِ الْكِتَابِ",""
45,115,45,45,Letters,"",1117,1135,19,"كتاب الرَّسَائِلِ‏",""
46,115,46,46,Gatherings,"",1136,1152,17,"كتاب الْمَجَالِسِ",""
47,115,47,47,"Behaviour with people","",1153,1174,22,"كتاب تعامل الناس",""
48,115,48,48,"Sitting and lying down","",1175,1198,24,"باب الجلوس والاستلقاء",""
49,115,49,49,"Mornings and evenings","",1199,1204,6,"كتاب الصباح والمساء",""
50,115,50,50,"Sleep and night lodging","",0,0,0,"كتاب النوم والمبيت",""
51,115,51,51,Animals,"",0,0,0,"كتاب الْبَهَائِمِ",""
52,115,52,52,"Midday Naps","",1238,1243,6,"كتاب الْقَائِلَةِ",""
53,115,53,53,Circumcision,"",0,0,0,"كتاب الْخِتَانِ",""
54,115,54,54,"Betting and similar pastimes","",1259,1281,23,"كتاب القمار ونحوه",""
55,115,55,55,Recognition,"",0,0,0,"كتاب المعرفة
",""
56,115,56,56,"Meddling and Harshness","",0,0,0,"كتاب الفضول والجفاء",""
57,115,57,57,Anger,"",1317,1322,7,"كتاب الْغَضَبِ",""
-8,130,8b,9,"The Standard of Living of Rasoolullah","",368,369,2,"باب ماجاء في عيش رسول الله صلى الله عليه وسلم",""
1,130,1,1,"The Noble Features Of Rasoolullah","",1,15,14,"باب ما جاء في خلق رسول الله صلى الله عليه وسلم",""
2,130,2,2,"Seal Of Nubuwwah (Prophethood) Of Rasoolullah","",16,23,8,"باب ما جاء في خاتم النبوة",""
3,130,3,3,"The Mubarak Hair Of Rasoolullah","",24,31,8,"-باب ما جاء في شعر رسول الله صلى الله عليه وسلم",""
4,130,4,4,"The Combing Of The Hair Of Rasoolullah","",32,36,5,"باب ما جاء في ترجل رسول الله صلى الله عليه وسلم",""
5,130,5,5,"Appearing Of The White Hair Of Rasoolullah","",37,44,8,"باب ما جاء في شيب رسول الله صلى الله عليه وسلم",""
6,130,6,6,"Rasoolullah Using a Dye","",45,49,5,"باب ما جاء في خضاب رسول الله صلى الله عليه وسلم",""
7,130,7,7,"Kuhl Of Rasoolullah ","",50,54,5,"باب ما جاء في كُحل رسول الله صلى الله عليه وسلم",""
8,130,8,8,"The Dressing Of Rasoolullah","",55,71,16,"باب ما جاء في لباس رسول الله صلى الله عليه وسلم",""
9,130,9,10,"The Khuff (Leather Socks) Of Rasoolullah","",72,73,2,"باب ما جاء في خف رسول الله صلى الله عليه وسلم",""
10,130,10,11,"The Shoes Of Rasoolullah","",74,85,11,"باب ماجاء في نعل رسول الله صلى الله عليه وسلم",""
11,130,11,12,"The Mubarak Ring Of Rasoolullah","",86,93,8,"باب ما جاء في ذكر خاتم رسول الله صلى الله عليه وسلم",""
12,130,12,13,"Stating That Rasoolullah Wore The Ring On His Right Hand","",94,103,9,"باب ماجاء في تختم رسول الله صلى الله عليه وسلم",""
13,130,13,14,"The Sword Of Rasoolullah","",104,107,4,"باب ماجاء في صفة سَيْفِ رَسُولِ اللهِ صلى الله عليه وسلم",""
14,130,14,15,"The Armor Of Rasoolullah","",109,110,2,"باب ماجاء في صفة درع رَسُولِ اللهِصلى الله عليه وسلم",""
15,130,15,16,"The Helmet Of Rasoolullah","",111,112,2,"باب ما جاء في صفة مغفر رسول الله صلى الله عليه وسلم",""
16,130,16,17,"The Turban Of Rasoolullah","",113,117,5,"باب ما جاء في عمامة رسول الله صلى الله عليه وسلم",""
17,130,17,18,"The Lungi Of Rasoolullah","",118,121,4,"باب ما جاء في صفة إزار رسول الله صلى الله عليه وسلم",""
18,130,18,19,"The Walking Of Rasoolullah","",122,124,3,"باب ما جاء في مشية رسول الله صلى الله عليه وسلم",""
19,130,19,20,"The Qinaa Of Rasoolullah","",125,125,1,"باب ما جاء في تقنع رسول الله صلى الله عليه وسلم",""
20,130,20,21,"The Sitting Of Rasoolullah","",126,128,3,"باب ما جاء في جلسته صلى الله عليه وسلم",""
21,130,21,22,"The Pillow Of Rasoolullah","",129,133,5,"باب ما جاء في تكأة رسول الله صلى الله عليه وسلم",""
22,130,22,23,"Rasoolullah Leaning On Something Other Than a Pillow","",134,135,2,"باب ما جاء في اتكاء رسول الله صلى الله عليه وسلم",""
23,130,23,24,"Description Of The Eating Of Rasoolullah","",136,141,5,"باب ما جاء في أكل رسول الله صلى الله عليه وسلم",""
24,130,24,25,"The Bread Of Rasoolullah","",142,149,8,"باب ما جاء في صفة خبز رسول الله صلى الله عليه وسلم",""
25,130,25,26,"What Rasoolullah Would Eat with Bread","",150,183,34,"ما جاء في إدام رسول الله صلى الله عليه وسلم",""
26,130,26,27,"Rasoolullah Performing Wudu At The Time Of Eating","",184,186,3,"باب ما جاء في صفة وضوء رسول الله صلى الله عليه وسلم عند الطعام",""
27,130,27,28,"The Words That Of Rasoolullah Said Before and After Eating","",187,193,7,"باب ما جاء في قول رسول الله صلى الله عليه وسلم قبل الطعام وعند الفراغ منه",""
28,130,28,29,"The Cup Of Rasoolullah","",194,195,2,"باب ما جاء في قدح رسول الله صلى الله عليه وسلم",""
29,130,29,30,"The Fruits Eaten By Rasoolullah","",196,202,7,"باب ما جاء في صفة فاكهة رسول الله صلى الله عليه وسلم",""
30,130,30,31,"Description Of The Things Rasoolullah Drank","",203,204,2,"باب ما جاء في صفة شراب رسول الله صلى الله عليه وسلم",""
31,130,31,32,"Hadith Describing The Manner Rasoolullah Drank","",205,214,10,"باب ما جاء في شرب رسول الله صلى الله عليه وسلم",""
32,130,32,33,"Rasoolullah Using 'Itr","",215,221,6,"باب ما جاء في تعطررسول الله صلى الله عليه وسلم",""
33,130,33,34,"The Speech Of rasoolullah","",222,224,3,"باب كيف كان كلام رسول الله صلى الله عليه وسلم",""
34,130,34,35,"The Laughing Of Rasoolullah","",225,233,9,"باب ما جاء في ضحك رسول الله صلى الله عليه وسلم",""
35,130,35,36,"Description Of The Joking Of Rasoolullah","",234,239,6,"باب ما جاء في صفة مزاح رسول الله صلى الله عليه وسلم",""
36,130,36,37,"Description Of The Saying Of Rasoolullah On Poetry","",240,249,9,"باب ما جاء في صفة كلام رسول الله صلى الله عليه وسلم في الشعر",""
37,130,37,38,"Story Telling Of Rasoolullah At Night","",251,251,1,"باب ما جاء في كلام رسول الله صلى الله عليه وسلم في السمر",""
38,130,38,39,"Hadith of Umm Zar`","",252,252,1,"حديث أم زرع",""
39,130,39,40,"The Sleeping Of Rasoolullah","",253,259,6,"باب في صفة نوم رسول الله صلى الله عليه وسلم في السمر",""
40,130,40,41,"Worship And Devotion Of Rasoolullah","",260,286,25,"باب ما جاء في عبادة النبي صلى الله عليه وسلم",""
41,130,41,42,"Salaatut Duha (Chaast Prayers)","",287,295,8,"باب صلاة الضحى",""
42,130,42,43,"Sayyidina Rasoolullah Performing Nawaafil At Home","",296,296,1,"باب صلاة التطوع في البيت",""
43,130,43,44,"The Fasting Of Sayyidina Rasoolullah","",297,312,16,"باب ماجاء في صوم رسول الله صلى الله عليه وسلم",""
44,130,44,45,"The Recital Of Sayyidina Rasoolullah","",313,320,8,"باب ماجاء في قراءة رسول الله صلى الله عليه وسلم",""
45,130,45,46,"The Weeping Of Sayyidina Rasoolullah","",321,326,6,"باب ماجاء في بكاء رسول الله صلى الله عليه وسلم",""
46,130,46,47,"Narrations Of The Bed Of Sayyidina Rasoolullah","",327,328,2,"باب ماجاء في فراش رسول الله صلى الله عليه وسلم",""
47,130,47,48,"The Humbleness Of Sayyidina Rasoolullah","",329,341,13,"باب ماجاء في تواضع رسول الله صلى الله عليه وسلم",""
48,130,48,49,"Noble Character And Habits Of Sayyidina Rasoolullah","",342,356,15,"باب ماجاء في خلق رسول الله صلى الله عليه وسلم",""
49,130,49,50,"Modesty Of Sayyidina Rasoolullah","",357,358,2,"باب ماجاء في حياء رسول الله صلى الله عليه وسلم",""
50,130,50,51,"Hajaamah (Cupping-Cautering) Of Sayyidina Rasoolullah","",359,364,6,"باب ماجاء في حجامة رسول الله صلى الله عليه وسلم",""
51,130,51,52,"The Names Of Sayyidina Rasoolullah","",365,366,2,"باب ماجاء في أسماء رسول الله صلى الله عليه وسلم",""
52,130,52,53,"The Living Of Sayyidina Rasoolullah","",370,378,9,"باب ماجاء في عيش رسول الله صلى الله عليه وسلم",""
53,130,53,54,"The Noble Age Of Sayyidina Rasoolullah","",379,384,6,"باب ماجاء في سن رسول الله صلى الله عليه وسلم",""
54,130,54,55,"The Death Of Sayyidina Rasoolullah","",386,399,14,"باب ماجاء في وفاة رسول الله صلى الله عليه وسلم",""
55,130,55,56,"The Legacy Of Sayyidina Rasoolullah","",400,406,7,"باب ماجاء في ميراث رسول الله صلى الله عليه وسلم",""
56,130,56,57,"The Seeing Of Rasoolullah In a Dream","",407,417,11,"باب ماجاء في رؤية رسول الله صلى الله عليه وسلم",""
1,200,1,1,"The Book of Purification","",1,150,179,"كتاب الطهارة",""
2,200,2,2,"The Book of Prayer","",0,0,0,"كتاب الصلاة",""
3,200,3,3,Funerals,"",532,597,66,"كتاب الجنائز",""
4,200,4,4,"The Book of Zakah","",0,0,0,"كتاب الزكاة",""
5,200,5,5,Fasting,"",0,0,0,"كتاب الصيام",""
6,200,6,6,Hajj,"",708,782,74,"كتاب الحج",""
7,200,7,7,"Business Transactions","",0,0,0,"كتاب البيوع",""
8,200,8,8,Marriage,"",0,0,0,"كتاب النكاح",""
9,200,9,9,"Crimes (Qisas or Retaliation)","",0,0,0,"كتاب الجنايات",""
10,200,10,10,Hudud,"",0,0,0,"كتاب الحدود",""
11,200,11,11,Jihad,"",0,0,0,"كتاب الجهاد",""
12,200,12,12,Food,"",0,0,0,"كتاب الأطعمة",""
13,200,13,13,"Oaths and Vows","",1374,1396,23,"كتاب الأيمان والنذور ",""
14,200,14,14,Judgments,"",1397,1432,36,"كتاب القضاء ",""
15,200,15,15,Emancipation,"",0,0,0,"كتاب العتق",""
16,200,16,16,"The Comprehensive Book","",0,0,0,"كتاب الجامع",""
1,300,1,2,"Fortress of the Muslim (Hisn al-Muslim)"," المقدمة إن الحمد لله ، نحمده ونستعينهُ ، ونستغفرهُ ونعوذُ باللهِ من شرورِ أنفسنا ، وسيئاتِ أعمالنا ، من يهده الله ... (مزيد)

 فضل الذكر",1,267,268,"حصن المسلم"," Introduction 
Surely all praise is for Allah. We praise Him, seek His help, and ask His forgiveness. We seek refuge in Him from the evil of our own souls and from the wickedness of our deeds. Whomever He guides then nothing ... (more)

 Merits of Dhikr"
1,350,1,1,"Virtues of the Qur'an's Chapters and Verses
","",1,93,93,"الجامع المختصر لفضائل الآيات والسور"," "
